{"cameraMode":{"drawMode":0,"name":"Shaded","section":"Shading Mode"},"sceneLighting":false,"audioPlay":false,"sceneViewState":{"showFog":true,"showMaterialUpdate":false,"showSkybox":true,"showFlares":true,"showImageEffects":true,"showParticleSystems":true},"in2DMode":false,"pivot":{"x":17.70206069946289,"y":3.9418678283691408,"z":4.460883140563965},"rotation":{"x":0.5076846480369568,"y":0.0031037149019539358,"z":-0.001826069550588727,"w":0.8615354895591736},"size":36.135467529296878,"orthographic":false}