{"cameraMode":{"drawMode":0,"name":"Shaded","section":"Shading Mode"},"sceneLighting":false,"audioPlay":false,"sceneViewState":{"showFog":true,"showMaterialUpdate":false,"showSkybox":true,"showFlares":true,"showImageEffects":true,"showParticleSystems":true},"in2DMode":false,"pivot":{"x":47.5447998046875,"y":308.6484375,"z":-306.953125},"rotation":{"x":0.3732335567474365,"y":0.0061304750852286819,"z":-0.0024546077474951746,"w":0.9277139902114868},"size":96.59712982177735,"orthographic":true}