{"cameraMode":{"drawMode":0,"name":"Shaded","section":"Shading Mode"},"sceneLighting":false,"audioPlay":false,"sceneViewState":{"showFog":true,"showMaterialUpdate":false,"showSkybox":true,"showFlares":true,"showImageEffects":true,"showParticleSystems":true},"in2DMode":false,"pivot":{"x":15.996597290039063,"y":2.1871776580810549,"z":1.905721664428711},"rotation":{"x":0.46631795167922976,"y":0.05090433359146118,"z":-0.026887964457273485,"w":0.8827420473098755},"size":36.429649353027347,"orthographic":false}