{"cameraMode":{"drawMode":0,"name":"Shaded","section":"Shading Mode"},"sceneLighting":false,"audioPlay":false,"sceneViewState":{"showFog":true,"showMaterialUpdate":false,"showSkybox":true,"showFlares":true,"showImageEffects":true,"showParticleSystems":true},"in2DMode":false,"pivot":{"x":15.996597290039063,"y":2.1871776580810549,"z":1.905721664428711},"rotation":{"x":0.4159601032733917,"y":0.0019116871990263463,"z":-0.0008717082091607153,"w":0.9093804359436035},"size":36.429649353027347,"orthographic":false}