{"cameraMode":{"drawMode":0,"name":"Shaded","section":"Shading Mode"},"sceneLighting":false,"audioPlay":false,"sceneViewState":{"showFog":true,"showMaterialUpdate":false,"showSkybox":true,"showFlares":true,"showImageEffects":true,"showParticleSystems":true},"in2DMode":false,"pivot":{"x":31.296329498291017,"y":-12.859130859375,"z":12.937957763671875},"rotation":{"x":0.350843608379364,"y":0.01180519163608551,"z":-0.004413452465087175,"w":0.9363493323326111},"size":93.71246337890625,"orthographic":false}