{"cameraMode":{"drawMode":0,"name":"Shaded","section":"Shading Mode"},"sceneLighting":false,"audioPlay":false,"sceneViewState":{"showFog":true,"showMaterialUpdate":false,"showSkybox":true,"showFlares":true,"showImageEffects":true,"showParticleSystems":true},"in2DMode":false,"pivot":{"x":31.296329498291017,"y":-12.859130859375,"z":12.937957763671875},"rotation":{"x":0.3009195625782013,"y":-0.13754837214946748,"z":0.043918706476688388,"w":0.9426553249359131},"size":93.71246337890625,"orthographic":false}