{"cameraMode":{"drawMode":0,"name":"Shaded","section":"Shading Mode"},"sceneLighting":false,"audioPlay":false,"sceneViewState":{"showFog":true,"showMaterialUpdate":false,"showSkybox":true,"showFlares":true,"showImageEffects":true,"showParticleSystems":true},"in2DMode":false,"pivot":{"x":1.8324613571166993,"y":0.5800004005432129,"z":-1.313058853149414},"rotation":{"x":0.11915775388479233,"y":-0.1815153807401657,"z":0.022163309156894685,"w":0.975890576839447},"size":2.7793190479278566,"orthographic":false}