{"cameraMode":{"drawMode":0,"name":"Shaded","section":"Shading Mode"},"sceneLighting":false,"audioPlay":false,"sceneViewState":{"showFog":true,"showMaterialUpdate":false,"showSkybox":true,"showFlares":true,"showImageEffects":true,"showParticleSystems":true},"in2DMode":false,"pivot":{"x":31.296329498291017,"y":-12.859130859375,"z":12.937957763671875},"rotation":{"x":0.3359246253967285,"y":0.1619187593460083,"z":-0.05872885882854462,"w":0.9260064363479614},"size":77.16301727294922,"orthographic":false}