{"cameraMode":{"drawMode":0,"name":"Shaded","section":"Shading Mode"},"sceneLighting":false,"audioPlay":false,"sceneViewState":{"showFog":true,"showMaterialUpdate":false,"showSkybox":true,"showFlares":true,"showImageEffects":true,"showParticleSystems":true},"in2DMode":false,"pivot":{"x":16.49445152282715,"y":2.5001373291015627,"z":2.2657833099365236},"rotation":{"x":0.41732197999954226,"y":0.0032735185232013466,"z":-0.0015005550812929869,"w":0.9087516069412231},"size":31.665388107299806,"orthographic":false}