{"cameraMode":{"drawMode":0,"name":"Shaded","section":"Shading Mode"},"sceneLighting":false,"audioPlay":false,"sceneViewState":{"showFog":true,"showMaterialUpdate":false,"showSkybox":true,"showFlares":true,"showImageEffects":true,"showParticleSystems":true},"in2DMode":false,"pivot":{"x":23.586130142211915,"y":-37.95856857299805,"z":46.68414306640625},"rotation":{"x":0.3457779884338379,"y":0.10720644146203995,"z":-0.039793189615011218,"w":0.9313220977783203},"size":143.94972229003907,"orthographic":false}