{"cameraMode":{"drawMode":0,"name":"Shaded","section":"Shading Mode"},"sceneLighting":false,"audioPlay":false,"sceneViewState":{"showFog":true,"showMaterialUpdate":false,"showSkybox":true,"showFlares":true,"showImageEffects":true,"showParticleSystems":true},"in2DMode":false,"pivot":{"x":74.41927337646485,"y":-13.336498260498047,"z":-1.0892333984375},"rotation":{"x":0.14016777276992799,"y":0.5958138704299927,"z":-0.1065676286816597,"w":0.7835829257965088},"size":90.2239990234375,"orthographic":false}