{"cameraMode":{"drawMode":0,"name":"Shaded","section":"Shading Mode"},"sceneLighting":false,"audioPlay":false,"sceneViewState":{"showFog":true,"showMaterialUpdate":false,"showSkybox":true,"showFlares":true,"showImageEffects":true,"showParticleSystems":true},"in2DMode":false,"pivot":{"x":0.5739047527313232,"y":0.13541531562805177,"z":-1.459965705871582},"rotation":{"x":0.2604483664035797,"y":-0.3825424015522003,"z":0.11332511901855469,"w":0.8791959285736084},"size":39.0204963684082,"orthographic":false}