{"cameraMode":{"drawMode":0,"name":"Shaded","section":"Shading Mode"},"sceneLighting":false,"audioPlay":false,"sceneViewState":{"showFog":true,"showMaterialUpdate":false,"showSkybox":true,"showFlares":true,"showImageEffects":true,"showParticleSystems":true},"in2DMode":false,"pivot":{"x":47.5447998046875,"y":308.6484375,"z":-306.953125},"rotation":{"x":0.35216841101646426,"y":0.023028036579489709,"z":-0.008656133897602559,"w":0.9356132745742798},"size":107.36646270751953,"orthographic":true}