{"cameraMode":{"drawMode":0,"name":"Shaded","section":"Shading Mode"},"sceneLighting":false,"audioPlay":false,"sceneViewState":{"showFog":true,"showMaterialUpdate":false,"showSkybox":true,"showFlares":true,"showImageEffects":true,"showParticleSystems":true},"in2DMode":false,"pivot":{"x":0.5739047527313232,"y":0.13541531562805177,"z":-1.459965705871582},"rotation":{"x":0.4469882845878601,"y":-0.01824425905942917,"z":0.00912160612642765,"w":0.8943072557449341},"size":21.54698371887207,"orthographic":false}