{"cameraMode":{"drawMode":0,"name":"Shaded","section":"Shading Mode"},"sceneLighting":false,"audioPlay":false,"sceneViewState":{"showFog":true,"showMaterialUpdate":false,"showSkybox":true,"showFlares":true,"showImageEffects":true,"showParticleSystems":true},"in2DMode":false,"pivot":{"x":29.93305778503418,"y":4.279136657714844,"z":-4.534488677978516},"rotation":{"x":0.5683323740959168,"y":-0.006901666056364775,"z":0.004781653173267841,"w":0.8227562308311462},"size":69.6817398071289,"orthographic":false}