{"cameraMode":{"drawMode":0,"name":"Shaded","section":"Shading Mode"},"sceneLighting":false,"audioPlay":false,"sceneViewState":{"showFog":true,"showMaterialUpdate":false,"showSkybox":true,"showFlares":true,"showImageEffects":true,"showParticleSystems":true},"in2DMode":false,"pivot":{"x":23.586130142211915,"y":-37.95856857299805,"z":46.68414306640625},"rotation":{"x":0.2969444990158081,"y":0.007741529494524002,"z":-0.002397276693955064,"w":0.9548603892326355},"size":132.3545684814453,"orthographic":false}