{"cameraMode":{"drawMode":0,"name":"Shaded","section":"Shading Mode"},"sceneLighting":false,"audioPlay":false,"sceneViewState":{"showFog":true,"showMaterialUpdate":false,"showSkybox":true,"showFlares":true,"showImageEffects":true,"showParticleSystems":true},"in2DMode":false,"pivot":{"x":23.8370361328125,"y":-19.5743408203125,"z":8.181251525878907},"rotation":{"x":0.5753794312477112,"y":0.02870141714811325,"z":-0.020198604092001916,"w":0.8171332478523254},"size":93.71246337890625,"orthographic":false}