{"cameraMode":{"drawMode":0,"name":"Shaded","section":"Shading Mode"},"sceneLighting":false,"audioPlay":false,"sceneViewState":{"showFog":true,"showMaterialUpdate":false,"showSkybox":false,"showFlares":true,"showImageEffects":true,"showParticleSystems":true},"in2DMode":false,"pivot":{"x":-32.402591705322269,"y":3.7199997901916506,"z":-42.168792724609378},"rotation":{"x":0.43566709756851199,"y":0.04911153018474579,"z":-0.02380438521504402,"w":0.8984518647193909},"size":313.6665954589844,"orthographic":false}